country,founded,id,industry,linkedin_url,locality,name,region,size,website
france,,daBPDThuAetqlVJgoCAi0QHcdbVh,construction,linkedin.com/company/geatherm-sarl,chemin,geatherm sarl,bourgogne-franche-comté,1-10,
france,2006,J0U4WLd1zysLR02B1BJonwKsDmB1,construction,linkedin.com/company/groupe-omega,guitrancourt,groupe omega,île-de-france,11-50,
france,,xrCZtQiWZPBtCeyHcPRMswZiNoYH,construction,linkedin.com/company/aerolik,cadaujac,aerolik,nouvelle-aquitaine,1-10,
france,,Mn3EDV1FhVZPXox9jqQRcQmOQcRI,construction,linkedin.com/company/altaleb-majid,rennes,altaleb majid,bretagne,1-10,
france,,zLn7p4gfOWChDgbNE4O8AQ8HGMfL,construction,linkedin.com/company/peinture-qualite,courbevoie,peinture qualite,île-de-france,1-10,
france,2003,1BMYCCbILE7sT6SKkfTyug6sUjtI,construction,linkedin.com/company/cornu-constructions,rouvroy,cornu constructions,hauts-de-france,1-10,cornu-constructions.business.site
france,,ciBdsN4hmf3Adde7wh8UFQchiMat,construction,linkedin.com/company/mas-bat,clamart,mas bat,île-de-france,1-10,
france,,RyXWClkRVtZt0QKE6BskQgFMjOCJ,construction,linkedin.com/company/menuiserie-dellong,puimisson,menuiserie dellong,occitanie,1-10,menuiserie-dellong.fr
france,,CJ9OqSS8CPlHCe8fMP2mDAvtytR1,construction,linkedin.com/company/acanthe-travaux-specialises,voreppe,gdes revanti acanthe,auvergne-rhône-alpes,51-200,
france,,lg8zRmSltUtdAsfTdiDFOgTvr4L8,construction,linkedin.com/company/lima-vilar-sarl,saint-hilaire-les-andrésis,lima-vilar sarl,centre-val de loire,1-10,
france,,59Lcl87NinFBgh9u5UuNeANxfFkB,construction,linkedin.com/company/md-elec,gilly-sur-isère,md elec,auvergne-rhône-alpes,1-10,
france,,v5V5bmOAXfiFdw5jqX06TAB55vYj,construction,linkedin.com/company/sampic'gaz,sotteville-lès-rouen,sampic'gaz,normandie,1-10,
france,,u75yzyGA1d3gzBbKB117OwNeAuPo,construction,linkedin.com/company/troclet,sains-du-nord,troclet,hauts-de-france,1-10,
france,2008,pt6KrYdNByyHh59aHbuU6Q2OC2Ro,construction,linkedin.com/company/cipral,les ulis,cipral,île-de-france,1-10,cipral.fr
france,2013,EGQzKgcMGzusx81xO3o0cAbUhc38,construction,linkedin.com/company/consual,saint-jean-de-la-ruelle,consual,centre-val de loire,1-10,consual.fr
france,,L41k7ufcNc8O8Wp2MTSJqgILNeeJ,construction,linkedin.com/company/sarl-bsaero,lempty,sarl bsaero,auvergne-rhône-alpes,1-10,
france,,hEZDAgRvDdJKGLYu9wweTwslFmhQ,construction,linkedin.com/company/sarl-mandois-pascal,bourgaltroff,sarl mandois pascal,grand est,1-10,
france,,RElqgKd3OiSMc7USbPDR7QhG8wmg,construction,linkedin.com/company/pousset-laurent-sarl,l’horme,pousset laurent sarl,auvergne-rhône-alpes,1-10,
france,,GgpxH6hCCuK5dtZlyCHq6QgajkWe,construction,linkedin.com/company/rj-platrerie,bègles,rj platrerie,nouvelle-aquitaine,1-10,
france,,u2GfaupzIG0U656MCsZWPgxsWYwX,construction,linkedin.com/company/sarl-entreprise-berthe,cuvilly,sarl entreprise berthe,hauts-de-france,1-10,
france,,X8ngb0C69r8zACSaRO0aqQrLVUZc,construction,linkedin.com/company/farhat-abbas,ermont,farhat abbas,île-de-france,1-10,
france,,vXtX2sACfsOFmkQhP00T3wli4nqm,construction,linkedin.com/company/habitation-francaise,conty,habitation francaise,hauts-de-france,1-10,habitation-francaise.fr
france,,yKjiCiBNk058Z4C9BuR6kwktT5fy,construction,linkedin.com/company/le-joubioux,la roquette-sur-siagne,le joubioux,provence-alpes-côte d'azur,1-10,
france,1993,ULiC0n2FFtsnrYRd8QwpdAFxThi6,construction,linkedin.com/company/manexi-diagnostics,vélizy-villacoublay,manexi diagnostics,île-de-france,11-50,
france,,4dpf6nNSTTqFlw6yUGO2QgKx3lgB,construction,linkedin.com/company/sas-cardoso-michel,entraigues-sur-la-sorgue,sas cardoso michel,provence-alpes-côte d'azur,1-10,
france,1926,UG417kIGNPWL5Q127N0G5g3sDN1V,construction,linkedin.com/company/samson-sas,ensisheim,samson s.a.s.,grand est,11-50,samson-sas.fr
france,,GyWFo9WPNwXVjGJBfZTpnA8TS8WZ,construction,linkedin.com/company/23-construction,saint-martin-boulogne,23 construction,hauts-de-france,1-10,
france,,e8qtAyFWCUWdj1UFQTgTcQJqRIRy,construction,linkedin.com/company/sl.-bat-sarl,la chapelle-saint-mesmin,sl. bat sarl,centre-val de loire,1-10,
france,,fVZNjahEcAc419tP4FrxswPCs5Tq,construction,linkedin.com/company/fabhestia-industries,lannilis,fabhestia industries,bretagne,1-10,
france,,bCUzxfaWYMpnGICpkRTVVQ8dAyhF,construction,linkedin.com/company/atlantique-bat,paris,atlantique bat,île-de-france,1-10,
france,,JdCex3AeoWeECQHm9oEIog1D3a0V,construction,linkedin.com/company/assistance-depannage-plomberie,bassan,assistance depannage plomberie,occitanie,1-10,
france,1991,PVWuTrYP1qB1j6g5vbcaoQZRKnxu,construction,linkedin.com/company/luminal-veranda,la garre,luminal véranda & extension | pergola | menuiserie |,auvergne-rhône-alpes,1-10,luminal.fr
france,,ldQCWGoRp5JxbWTWDNxj0Qi3adky,construction,linkedin.com/company/poussier-peinture,la sauvagère,poussier peinture,normandie,1-10,
france,,vTFyr5NQPEmwEJ992MQPrgqgIqFZ,construction,linkedin.com/company/davoigneau-garnier,écuelles,davoigneau garnier,île-de-france,1-10,davoigneaugarnier.com
france,,ZhF4R5qBHkd8M1fpalEhpgsg1SUo,construction,linkedin.com/company/menuiserie-gaillard,biarritz,menuiserie gaillard,nouvelle-aquitaine,1-10,
france,2016,2NHInsmlUYjB16ZeLJ7kogp3OjqN,construction,linkedin.com/company/societe-nouvelle-sotralentz-construction,drulingen,societe nouvelle sotralentz construction,grand est,51-200,sotralentz-construction.com
france,,Aic7NACRvO1mhurNQ4faCAASV596,construction,linkedin.com/company/charmond-sas,charnay-lès-mâcon,charmond sas,bourgogne-franche-comté,1-10,
france,,4z3y5rsTqSJqEXmqdSofxQds8qX9,construction,linkedin.com/company/miroiterie-services,gif-sur-yvette,miroiterie services,île-de-france,1-10,miroiterie-services-menuiserie.fr
france,,CLxqwvdRnv49YimkdzTNowy8mwDw,construction,linkedin.com/company/pouchelon-jean-michel,manses,pouchelon jean michel,occitanie,1-10,
france,,4BxJyu4r7SNdDjsSAwVnwQCm9jB6,construction,linkedin.com/company/karaca-isa,roussillon,karaca isa,auvergne-rhône-alpes,1-10,
france,,wyFBoD3wFIGrYBb3EvZCvATp4AbE,construction,linkedin.com/company/performances-habitat,plage-des-demoiselles,performances habitat,pays de la loire,1-10,
france,2020,OtWBpoiqBtWCCiTELA9TkQwxtZTe,construction,linkedin.com/company/polytecs-resine,malicorne-sur-sarthe,polytecs resine,pays de la loire,1-10,polytecsresine.com
france,,u68F3UjWhQEvrlNAWdwJKAcPhRMF,construction,linkedin.com/company/sospera,ballersdorf,sospera,grand est,1-10,
france,,L6EadUe5EXCoXB5reGNHDw8uDqwe,construction,linkedin.com/company/okbud-fenetres,sartrouville,okbud fenetres,île-de-france,1-10,
france,,bbPGZHxJbv8hCHFvJVZcsQg18mpZ,construction,linkedin.com/company/les-cloisons-de-vincent,lescar,les cloisons de vincent,nouvelle-aquitaine,1-10,
france,,GBmhu6fxFkhQyB9uLJJPfQvXx5HG,construction,linkedin.com/company/palengat-energies,opoul-périllos,palengat energies,occitanie,1-10,
france,,eaU9Up9OsDp9lCawHBJ0Lgd7myfE,construction,linkedin.com/company/menuiserie-minaire,saint-pierre-la-palud,menuiserie minaire,auvergne-rhône-alpes,1-10,
france,1995,7MsBsCIVsG3aFbGPw1rvsAjAqlmd,construction,linkedin.com/company/at-concept,montfermeil,at concept,île-de-france,11-50,
france,,ocqFqUU3kjBRWC39pLgXwgI611KE,construction,linkedin.com/company/carfrance,paris,carfrance,île-de-france,1-10,
france,,p5nOxDJRqCb2C3RQHwbHJQMvHccv,construction,linkedin.com/company/bt-securite,rue,bt securite,hauts-de-france,1-10,
france,2012,gGUWtBa0Z3q4gRQaepkD9wXHOa0G,construction,linkedin.com/company/h-k-maison-individuelle,rue des connets,h&k maison individuelle,bourgogne-franche-comté,1-10,hkmaison.com
france,,GGYBWwtx7RMgVXEZF0a3nAA3pxWF,construction,linkedin.com/company/menuiserie-blb,venouse,menuiserie blb,bourgogne-franche-comté,1-10,
france,,LyDt9RnO2kBdJt9A0ERpqQkhpa6s,construction,linkedin.com/company/badibat,la farlède,badibat,provence-alpes-côte d'azur,1-10,badibat.com
france,,VaCgokF2GTXdCaQipUpH0gxDREUX,construction,linkedin.com/company/minodier-e.g.c.m.,anneyron,minodier e.g.c.m.,auvergne-rhône-alpes,1-10,
france,,THeYb2QvBZzSapzeu2dYIQydf6ue,construction,linkedin.com/company/arcibat,pantin,arcibat,île-de-france,1-10,
france,,btJ9VTtKgCUyyvB2xiqzTA1BPk30,construction,linkedin.com/company/sarl-j.c.-reveyrand,saint-pierre-de-chandieu,sarl j.c. reveyrand,auvergne-rhône-alpes,1-10,
france,,oODMKyKfuVCWvqcNaWVBMwz2ehlV,construction,linkedin.com/company/sarl-carré-aménagement,,sarl carré aménagement,,1-10,sarl-carre-amenagement.business.site
france,,RCEejD9IXHs3YM7VWVHxfAWe5f2G,construction,linkedin.com/company/t-t-r-c,puget-ville,t t r c,provence-alpes-côte d'azur,1-10,
france,,5Gjpc9R8vXB42V1MmjWKHQo256Xy,construction,linkedin.com/company/dugain-piscines,la chapelle-sur-crécy,dugain piscines,île-de-france,1-10,
france,,AlrOLd2dfnXvo0TybLnhdAbhDY0D,construction,linkedin.com/company/vedani-william,avignon,vedani william,provence-alpes-côte d'azur,1-10,
france,,PkTKnUf0cgOijohvd7Y0xA6WoWeM,construction,linkedin.com/company/solnama,rue de chorette,solnama,hauts-de-france,1-10,
france,,BN0ctidgeqTPv13Gccf3NQHo1ahT,construction,linkedin.com/company/juignet-armand,le bignon,juignet armand,pays de la loire,11-50,
france,,QYbzeCBBhi0SXdTnYVp4gARl6tds,construction,linkedin.com/company/pcs-industrie,cormeilles-en-parisis,pcs industrie,île-de-france,1-10,
france,2016,74ZPanzCB2uW5Ezo0aFf7wt78hOo,construction,linkedin.com/company/pavepxert,lyon,pavexpert,auvergne-rhone-alpes,1-10,pavexpert.com
france,,gTMIVHBc6V7jYpOlKZtimwWUZxOz,construction,linkedin.com/company/desmedt-alarme,haulchin,desmedt alarme,hauts-de-france,1-10,
france,,vWBsQGn9by5dU9dLFZH30gs3O87a,construction,linkedin.com/company/etancheite-mastoura-omarjee,lunel,etancheite mastoura omarjee,occitanie,1-10,
france,,jBtOl3xxRSlUgeeFdlwvFwI70R0u,construction,linkedin.com/company/construction-extreme,pantin,construction extreme,île-de-france,1-10,
france,,fZgfePVCKZJw83Jt3a5AWweIHtCR,construction,linkedin.com/company/ltm-location,chelles,ltm location,île-de-france,11-50,
france,,eChf52766vojFHcH5u8EDw0yZsFs,construction,linkedin.com/company/sarl-bati-services,perpignan,sarl bati services,occitanie,1-10,
france,,FsjXE32QZnaa1tOD8YJYzgz4r8Dy,construction,linkedin.com/company/batî-beton,saint-laurent-de-la-plaine,batî beton,pays de la loire,1-10,
france,,uJjsoK3sKc7kpNxeao6dAQoLbJ23,construction,linkedin.com/company/sarl-asa-tp,la chaize-le-vicomte,sarl asa tp,pays de la loire,11-50,
france,,7AJeMRyf8iccCbOmoSMyTQ6hbBHl,construction,linkedin.com/company/geoffriaud,dompierre-sur-mer,geoffriaud,nouvelle-aquitaine,1-10,
france,1978,E1xlpA032unF4kiKhewwdQ4nZoqt,construction,linkedin.com/company/blavait-menuiseries,caen,blavait menuiseries,normandie,11-50,blavait.fr
france,,4dUANRfQDP8BundJ3l1HSA87GpRY,construction,linkedin.com/company/piedras-y-pizarras-da-silva-sl,robert-espagne,piedras y pizarras da silva sl,grand est,1-10,
france,2017,6xwXWrefU36b4FQHcADudwSul49x,construction,linkedin.com/company/esi-métal,saint-michel-mont-mercure,esi métal,pays de la loire,1-10,esi-metal.fr
france,2017,QC72ZfrDPIqbWH0G7xkYRwBU0ECm,construction,linkedin.com/company/untec-services,paris,untec services,île-de-france,1-10,economieconstruction.com
france,,CCvo80skpGdBShrnu3fkWwBqr1gQ,construction,linkedin.com/company/sarmen,épernay,sarmen,grand est,1-10,
france,,7DoMV4lq15jZQZQ3vtNYZww6GPEf,construction,linkedin.com/company/structure-nova-bat,paris,structure nova bat,île-de-france,1-10,
france,,gkcjY9udtLRbrzAFtBZfpgyVJexB,construction,linkedin.com/company/quellard-joel,crevin,quellard joel,bretagne,1-10,
france,2020,mQBEsmwScCczQzHsg7NWDgruO9TG,construction,linkedin.com/company/expertisebois,le pian-médoc,exb - wood expertise,nouvelle-aquitaine,1-10,expertisebois.com
france,,Jdh2xwuB1ixYBAo9vHMvig9P4bp7,construction,linkedin.com/company/logirea,eysines,logirea,nouvelle-aquitaine,1-10,
france,,CDJx2ReV5iH9CBHwhgbJVgvwyFqA,construction,linkedin.com/company/sarl-alliance-pro-carrelage,saint-vincent-de-tyrosse,sarl alliance pro carrelage,nouvelle-aquitaine,1-10,
france,,DMMAB5cROjPmEgeVr5AY9gif9dbI,construction,linkedin.com/company/prisme-batiment,nice,prisme batiment,provence-alpes-côte d'azur,1-10,
france,1850,ouOiqCMRrCjs7gWzTleaAgWTbSna,construction,linkedin.com/company/decottegnie,bondues,decottegnie sas,hauts-de-france,11-50,decottegnie.com
france,,VLNsvacCCiLBWYh76tI9DASzbxzR,construction,linkedin.com/company/multiservice-sud-bassin,gujan-mestras,multiservice sud bassin,nouvelle-aquitaine,1-10,multiservice-sud-bassin.business.site
france,,j1BbFRiDGQt6u74s1dyiuw6djpt9,construction,linkedin.com/company/corsaletti-piscine,narbonne,corsaletti piscine,occitanie,1-10,
france,,hW2n5xJB8H0n9zGIMG4C0gHivrLK,construction,linkedin.com/company/hps-telecom,colombes,hps telecom,île-de-france,1-10,
france,,llQgDbXDYYh74IT4trWXbwZRYb25,construction,linkedin.com/company/maison-de-textile,montolieu,maison de textile,occitanie,1-10,maisondetextile.com
france,,wV9nps0CukYv3YvvNUvkGAhV0pXs,construction,linkedin.com/company/chanu-carrelage,landaul,chanu carrelage,bretagne,1-10,
france,,BoBlMBT2IcHrWLMKSxBavAXdVq0y,construction,linkedin.com/company/centroplana.fr,craintilleux,centroplana.fr,auvergne-rhône-alpes,1-10,
france,,elaBEY3rGxAl0yzFxBjIJwmimVqZ,construction,linkedin.com/company/concept-&-travaux,paris,concept & travaux,île-de-france,1-10,
france,,UA6TM8CND3rBVgEIJfSW9AHYzaq4,construction,linkedin.com/company/art-et-deco-peinture,marseille-en-beauvaisis,art et deco peinture,hauts-de-france,1-10,
france,,bTVwQAtRYB0EVrdBuLnCKg8rHqr3,construction,linkedin.com/company/3cr-bâtiment,marseille-en-beauvaisis,3cr bâtiment,hauts-de-france,1-10,
france,,Yl9UbB7HHeEiB8ANuG3oWAPp4d9x,construction,linkedin.com/company/elec-btp,grosseto,elec btp,corse,1-10,
france,,gc5dlOZTFZ3dRjfIwKiPQApuXvms,construction,linkedin.com/company/3gtib,béziers,3gtib,occitanie,1-10,
france,,QqJVXPwCEk9VmtrgfItL3ArXS3nG,construction,linkedin.com/company/sarl-ducruet,lentilly,sarl ducruet,auvergne-rhône-alpes,1-10,
france,,0YPugQiu5etnKp90G4n87A2Tyowm,construction,linkedin.com/company/rl-sani-plomb,coudoux,rl sani plomb,provence-alpes-côte d'azur,1-10,
france,,ikzC3A3bgPTCNPk307WvAQVB9AkE,construction,linkedin.com/company/ascise,toulaud,ascise,auvergne-rhône-alpes,1-10,
france,,eQUq8dJQiX5aNoap8BsJ8wYVzFaC,construction,linkedin.com/company/alsace-creation-design,rue du rosier,alsace creation design,hauts-de-france,1-10,
france,,aeTKgiFCMGcHjhTGXHFauQNebjbP,construction,linkedin.com/company/ela-batiment,cormeilles-en-parisis,ela batiment,île-de-france,1-10,
france,,i3Yn15YBJ0j9i4rIYlN3agsZJ0Dw,construction,linkedin.com/company/mathieu-lacombe-sas,la coudre,mathieu lacombe sas,nouvelle-aquitaine,1-10,
france,2023,HVbu3fnEWX442A7FPskdbQjSp0P1,construction,linkedin.com/company/lighting-électricité,biscarrosse,lighting électricité,nouvelle-aquitaine,1-10,lighting-electricite.com
france,,4wajXs5hrYvkf6q0wb4yXA4eumJD,construction,linkedin.com/company/couleurs-plus,carbon-blanc,couleurs plus,nouvelle-aquitaine,1-10,
france,1980,oqTtV9xUqWwsDTEn86cKaQ7be1oV,construction,linkedin.com/company/ceg-cegisol-shuller,coullons,ceg cegisol shuller,centre-val de loire,11-50,ceg.fr
france,2016,6QKCNngfEnVm2C0geu3wwg2ZJTYt,construction,linkedin.com/company/mb-construction,dadonville,laz elec,centre-val de loire,1-10,laz-elec.fr
france,,TbBWDDoDeofrEruzGgSYAQFByYrR,construction,linkedin.com/company/gonzalez-miguel,saint-denis-en-bugey,gonzalez miguel,auvergne-rhône-alpes,1-10,
france,,9tXNf8VOfVbRIG3rwZb3uAiYbO8I,construction,linkedin.com/company/azur-peinture-et-nettoyage,mal assis,azur peinture et nettoyage,normandie,1-10,
france,2020,9mMDlJwVsdoqIiHlYCUPeAjSgPsB,construction,linkedin.com/company/lsg-renovons-mieux,salles-sur-mer,lsg - rénovons mieux,nouvelle-aquitaine,1-10,renovonsmieux.fr
france,,C7WtMBiAV7EtIzlTabHC8ge7qVrn,construction,linkedin.com/company/ide-environnement,dunkerque,ide environnement,hauts-de-france,1-10,
france,,qzn48MqljuZx4OReZbCZIw2pAeme,construction,linkedin.com/company/arc-en-sol-fils,besancon,arc en sol fils,bourgogne-franche-comte,1-10,
france,,RM2WxuGWUxToXCzT9B4h7gAc01HA,construction,linkedin.com/company/atlas-amenagement-habitat,saint-avertin,atlas amenagement habitat,centre-val de loire,1-10,
france,,KeEoPT645MccLdVoxYiqLQ0ZWgqj,construction,linkedin.com/company/etienne-clauss-et-fils,haguenau,etienne clauss et fils,grand est,1-10,
france,,caZedIlMNFlSlipte9fB1A9yy2wE,construction,linkedin.com/company/menuiserie-bois-chevalier,bourg-achard,menuiserie bois chevalier,normandie,1-10,
france,,7SuVXWL7NhRZ354GLuQ77Q7U76kD,construction,linkedin.com/company/lestrez-thierry,pagny-sur-moselle,lestrez thierry,grand est,1-10,
france,,lC2DvhDgzt5P27EFe04puQHNdqJd,construction,linkedin.com/company/effibatsas,reims,effibatsas,grand est,1-10,effibatsas.fr
france,1979,ILphdDJ7GjSArAiFc1b4wwzyNcce,construction,linkedin.com/company/glasren-menuiserie-miroiterie,pacé,glasren menuiserie miroiterie,bretagne,11-50,miroiterieglasren.fr
france,,VqFkCcxC4WmtjLSBRjCwyAP2khxv,construction,linkedin.com/company/opac-de-paris,,opac de paris,,1001-5000,
france,,GyuntMqKTlzQYeZCR2EMJQBB4q9H,construction,linkedin.com/company/souvestre-elec,eygalières,souvestre elec,provence-alpes-côte d'azur,1-10,
france,,Ed1BpwPlPHKInoEMpMJBaAKQi7BW,construction,linkedin.com/company/multi-service-depannage,strasbourg,multi service depannage,grand est,1-10,
france,,qdXYUiLZfQyfRCWZwuVKXQWC4brb,construction,linkedin.com/company/rostoll-marc,cestas,rostoll marc,nouvelle-aquitaine,1-10,
france,,jLWE7htN5DxCxe6z3RQOuAtQhwAC,construction,linkedin.com/company/luneau-damien,rue des connets,luneau damien,bourgogne-franche-comté,1-10,
france,,r0iHNJJWCBNdJWmnhf0gUwdke3oN,construction,linkedin.com/company/lamothe-patrick,saint-pourçain-sur-sioule,lamothe patrick,auvergne-rhône-alpes,1-10,
france,,hQICnIll0dB7JrhurKa9kAJTwf8O,construction,linkedin.com/company/kan-sarl,strasbourg,kan sarl,grand est,1-10,
france,2021,iDSyG9NEhQCmp6MdEZCsdAX0YJuN,construction,linkedin.com/company/vitafire-tours,tours,vitafire tours,centre-val de loire,1-10,ramonage-resilience.fr
france,1971,CUoYRnK5QDOferChnJeaugq1lhow,construction,linkedin.com/company/maisons-bois-glv,plouguerneau,maisons bois glv,bretagne,11-50,maisonsboisglv.com
france,,ExTSy0U7E8um64kcQg8CcQECV4Y3,construction,linkedin.com/company/soava-ion,nice,soava ion,provence-alpes-côte d'azur,1-10,
france,2008,sHIqKmWsamCpCsQkJiBwHwAlcCZ1,construction,linkedin.com/company/espace-piscines,san-lorenzo,espace piscines,corse,1-10,espacepiscines.com
france,,vqkaao2FS0CB1nySJaxDswZNy2z1,construction,linkedin.com/company/batipro54,maxéville,batipro54,grand est,1-10,
france,,5r6OldEwpV4BNINMXZ8WWgBxGlx4,construction,linkedin.com/company/cap'innov,charleville-mézières,cap'innov,grand est,1-10,
france,,pRU8Qeah4pQADejZqrlE6g3mG13I,construction,linkedin.com/company/pyrenees-cloture,tarbes,pyrenees cloture,occitanie,1-10,pyreneescloture.fr
france,2023,jCMvdnz3SpgfloLNFz8hNAUPx6Bn,construction,linkedin.com/company/isoltherm27,bourg-achard,isoltherm,normandie,1-10,isoltrade.fr
france,,nJlHqNUy7EtiGkiaVfHqBAJqsHCA,construction,linkedin.com/company/bdr-sarl,illkirch-graffenstaden,bdr sarl,grand est,1-10,
france,,KI0GvMw02X9BsGChmoUXzAGR7HaM,construction,linkedin.com/company/sarl-kourou-prestations-et-services,,sarl kourou prestations et services,,1-10,
france,,ZGxzObWSBNXztqTddk0NawkHz6iT,construction,linkedin.com/company/multu-mustafa,cluses,multu mustafa,auvergne-rhône-alpes,1-10,
france,,JD5SI6f0Kag9JsexpfqXWAL0jDpU,construction,linkedin.com/company/parisi-bruno,sevran,parisi bruno,île-de-france,1-10,
france,,BOsc8GovTcEvqxyAIvP80Qq4gEgk,construction,linkedin.com/company/atelier-rousselle-peinture,paris,atelier rousselle peinture,île-de-france,1-10,
france,,tcvyFrGoUt5CjekC0RULTQuWdnnU,construction,linkedin.com/company/coratech,paris,coratech,île-de-france,1-10,
france,,ZVnfnnKt323xGtB8gZnX3QK1mri2,construction,linkedin.com/company/snem-manutention,le soler,snem manutention,occitanie,1-10,snemmanutention.com
france,1985,qhcChC0L3DzLR0JPOFjRsQYmOy55,construction,linkedin.com/company/sambre-avesnois-entretiens,bachant,sambre avesnois entretien - sae,hauts-de-france,11-50,
france,,CRDj5VxJVyqdDsPS8ACIMQyom9o9,construction,linkedin.com/company/galopin-christian,les églisottes,galopin christian,nouvelle-aquitaine,1-10,
france,,TJZvl6fqYfr52MjbpeJOXA5HD6sV,construction,linkedin.com/company/masar-renov,saint-maur-des-fossés,masar renov,île-de-france,1-10,
france,,uuu9AMS2CCH5ldc2CoMaDAAEI6hZ,construction,linkedin.com/company/negro-pere-et-fils,rue de chorette,negro pere et fils,hauts-de-france,11-50,
france,,BmWvE01q2cGxZVjQ76o4OQ4BtdgR,construction,linkedin.com/company/e.c.l-construction,giraumont,e.c.l construction,hauts-de-france,1-10,
france,2019,MBR6E8dPvnkBqY1cPLUX3Qt9VVdR,construction,linkedin.com/company/corénovation,fontenay-sous-bois,corénovation,île-de-france,1-10,corenovation.fr
france,2001,5i0mlWvtM8gqUcbcb272NQSczZRQ,construction,linkedin.com/company/dynamiqueenvironnement,rotherens,dynamique environnement,auvergne-rhône-alpes,11-50,dynamique-environnement.com
france,,nOv1BT103qpYPasqaTV08gqxjh2B,construction,linkedin.com/company/l.c.d.-sarl,ouzouer-sur-loire,l.c.d. sarl,centre-val de loire,1-10,
france,,WAsYHaXkXqlJFVBSBp9T8gFOPFui,construction,linkedin.com/company/so-roof-etanchéité-bardage-services,saint-jean-d’illac,so roof bordeaux etanchéité couverture & services,nouvelle-aquitaine,11-50,so-roof.fr
france,,HBQhwpkbAv16BGkG1ECdhgn9XhUO,construction,linkedin.com/company/lhotellier-prefabrication,blangy-sur-bresle,lhotellier prefabrication,normandie,1-10,
france,1982,R3cQNUiDRzFWKGXq6vTnnwtC1nnF,construction,linkedin.com/company/pougetconsultants,paris,pouget consultants,île-de-france,51-200,pouget-consultants.eu
france,2022,9o2BLAXCfAjxGsdmlNUShghRi4vZ,construction,linkedin.com/company/amz-groupe,montargis,amz groupe,centre-val de loire,1-10,
france,,Et7yCyzArlsYOBGTzfBC5w6eBBVm,construction,linkedin.com/company/j.-lamare,sallaumines,j. lamare,hauts-de-france,1-10,
france,,yUaRumvR6eAhj2ik4YqM0g0RTTGu,construction,linkedin.com/company/entreprise-faure,gagny,entreprise faure,île-de-france,1-10,
france,,MbUQqi44z0ui4PIo1OXD2AT2Lab1,construction,linkedin.com/company/caharel-jean-luc,blain,caharel jean luc,pays de la loire,1-10,
france,2001,3cmIZgDAylI4p4WsL0QPmwcXkCUJ,construction,linkedin.com/company/msd-multi-services-depannage,jouarre,msd - multi services dépannage,île-de-france,1-10,
france,,9C38w3JTN504pFRIcghevAULMGab,construction,linkedin.com/company/sarl-babin-benoit,saché,sarl babin benoit,centre-val de loire,1-10,
france,,ErvUzyryXVqTWh4e2GvNewujSi7s,construction,linkedin.com/company/soudine-enr,rognonas,soudine enr,provence-alpes-côte d'azur,1-10,
france,,7cpvPqQeDskDDPvPppLQrgRugqS9,construction,linkedin.com/company/labo-module,eaubonne,labo module,île-de-france,1-10,
france,,EfxCNOwa9ZZYtwDkxML6dgDibpdo,construction,linkedin.com/company/rombatim-a.s.,paris,rombatim a.s.,île-de-france,1-10,
france,,CVaeZCWzE6440h8N8C8jKAVdSUDb,construction,linkedin.com/company/genisan,olivet,genisan,centre-val de loire,1-10,
france,,zV7YVNUVsjpIB8SRO0fB8g4hPsi6,construction,linkedin.com/company/sarl-omix-constrution,cayenne,sarl omix constrution,normandie,1-10,
france,,eejnFW8bzkzWGjAakReb4QosOlJe,construction,linkedin.com/company/art-beton-sud,lavernose-lacasse,art beton sud,occitanie,1-10,
france,,WCXGL5diVRzOyLePOEkuYAscgKr1,construction,linkedin.com/company/les-fenetres-aveyronnaises,paris,les fenetres aveyronnaises,île-de-france,1-10,lesfenetresaveyronnaises.fr
france,,QGNLaypC2cDHxFEb9Ubh5wDFnsMS,construction,linkedin.com/company/hm-centrale-du-batiment,meaux,hm centrale du batiment,île-de-france,1-10,
france,,116Zf0Cqx7vAkwwxP9d0NAhO2QlS,construction,linkedin.com/company/socoren-soc-constr-renova,les amandiers,socoren soc constr renova,provence-alpes-côte d'azur,1-10,
france,,tY4P9RaXnIjp0pUJG2zYbQl8cAg7,construction,linkedin.com/company/travaux-&-co,croix,travaux & co,hauts-de-france,1-10,
france,,XYIjIALki84iBfjJoQfR1QVtOdSb,construction,linkedin.com/company/karuk-construction,grand camp,karuk construction,normandie,1-10,
france,,V1hHBmpNeQ5y3Hdas46AjgGmjz5Q,construction,linkedin.com/company/max-bat-renovation,le perreux-sur-marne,max bat renovation,île-de-france,1-10,
france,,zhHCCdVHWDhiNFRxvYav8w6tYKo6,construction,linkedin.com/company/art-et-maisons,longuenesse,art et maisons,hauts-de-france,1-10,artetmaisons.fr
france,,FEI4BYV6qrWBr63J2UnZgQO6Bo2P,construction,linkedin.com/company/bmc-creation,saint-christol-lez-alès,bmc creation,occitanie,1-10,
france,,1ied4PzsSrRPFCqPoogn9ADFgdJn,construction,linkedin.com/company/societe-d'exploitation-michalcik,douvres-la-délivrande,societe d'exploitation michalcik,normandie,1-10,
france,,E4yRKzCZSkgbc0t7UOLBFA8gS0Eh,construction,linkedin.com/company/menuisiers-beaujolais,quincié-en-beaujolais,menuisiers beaujolais,auvergne-rhône-alpes,1-10,
france,,8JWLbRyc1lRIlke2W7sJoQfwJveW,construction,linkedin.com/company/d-h-j,mauguio,d h j,occitanie,1-10,
france,,BFlJK6Hud3k77cPN7Zh5AQ8gGmL2,construction,linkedin.com/company/ferreira-da-silva-antonio,escolives-sainte-camille,ferreira da silva antonio,bourgogne-franche-comté,1-10,
france,,RLDRZiGFv5lXjoCDfugG2g3AhyQY,construction,linkedin.com/company/eurl-api-plaq',mervent,eurl api plaq',pays de la loire,1-10,
france,,mRaB2Cd0iUGZntWKOcCchwFVBd1W,construction,linkedin.com/company/depan'piscines-sarl,le bourg,depan'piscines sarl,occitanie,1-10,
france,,CI9S7EnQxrf6TXYGmvCJPAX9QFD0,construction,linkedin.com/company/alu-fp,la seyne-sur-mer,alu fp,provence-alpes-côte d'azur,1-10,
france,,BgZiKLFBi6v3Qj8bcbdnaQLCpHUB,construction,linkedin.com/company/s.t.g.b.,montauban,s.t.g.b.,occitanie,1-10,
france,,sRdFL9JSdgDsvV4NBdhwkQKkrXzj,construction,linkedin.com/company/alessi-et-dupassieux-etancheite,la motte-servolex,alessi et dupassieux etancheite,auvergne-rhône-alpes,1-10,
france,,ciweDdvbjFQ2DH65NGyO0gAmun5v,construction,linkedin.com/company/costa-btp,bernis,costa btp,occitanie,1-10,
france,1997,6IEVAOpePIuzFYCS9eugNg7bG2eR,construction,linkedin.com/company/mcgm-menuiserie-charpente-gestoise-maurille,sainte-geneviève-des-bois,mcgm - menuiserie charpente gestoise maurille,île-de-france,11-50,menuiserie-mcgm.fr
france,,IEIRatyb3pPXE6q6Cd4r7QWFTrNq,construction,linkedin.com/company/le-baron-plomberie,flines-lès-raches,le baron plomberie,hauts-de-france,1-10,
france,1998,fUQ5Hu2rNAiNFCMQQFYoyAsTnlAF,construction,linkedin.com/company/abateconstruction,morières-lès-avignon,abate construction,provence-alpes-côte d'azur,1-10,abateconstruction.fr
france,,9QCrcabJuZoQA9XcCgYrmQc7tCJa,construction,linkedin.com/company/art-technique-du-batiment,asnières-sur-seine,art technique du batiment,île-de-france,1-10,
france,,MEbfWSnyvrteIP2dUxW5rgzgQZWx,construction,linkedin.com/company/guillot-deco,senlis,guillot deco,hauts-de-france,1-10,
france,,mv3gSyTwSTLzIsb0TSCvZQF4STVV,construction,linkedin.com/company/sarl-morel-pascal,sirod,sarl morel pascal,bourgogne-franche-comté,1-10,
france,,hPf7vL6ZXTlk8idOq6OaKAhQUAUo,construction,linkedin.com/company/sasu-dufourt-rudy-plomberie,larnas,sasu dufourt rudy plomberie,auvergne-rhône-alpes,1-10,
france,,EM8XLKJ1Oz7jAv7lzQY2GwnII9fi,construction,linkedin.com/company/eurl-asm-jmd,ronquerolles,eurl asm jmd,île-de-france,1-10,
france,2020,c3UmuLXPsxcln5xfup6VaAJfCQt1,construction,linkedin.com/company/imaago,saint-étienne-de-saint-geoirs,imaago,auvergne-rhône-alpes,1-10,imaago.fr
france,,5wBNZdk5Gv7Bv2KgL021Cgk61a7l,construction,linkedin.com/company/abeille-renovation-mediterranee,marseille-en-beauvaisis,abeille renovation mediterranee,hauts-de-france,1-10,
france,,doHRBfk78LFBhMzUEDWRAgI3aHuO,construction,linkedin.com/company/tom'a-tout-faire,achenheim,tom'a tout faire,grand est,1-10,
france,,ZXqyuhpO9cdkLqlKp6uVEg7OzAuN,construction,linkedin.com/company/thoraval-agencement,lamballe,thoraval agencement,bretagne,1-10,thoravalagencement.fr
france,2015,dNz2AkZ5aEunizG2c9GxsgK2hLHj,construction,linkedin.com/company/pac-ssi,,pac-ssi,,1-10,pac-ssi.com
france,,vBz5DhTPNmTMHsZ8dGVWuwWf2DuZ,construction,linkedin.com/company/renov-access,riom,renov access,auvergne-rhône-alpes,1-10,
france,,tvyeSoCVivYjikZKT54EKQZAqirM,construction,linkedin.com/company/ce-a,sainte-geneviève-des-bois,ce a,île-de-france,1-10,
france,,PugJekle8BIdjOVTVCkOTArqczpm,construction,linkedin.com/company/renove-et-decor,argenteuil,renove et decor,île-de-france,1-10,
france,,Cv4Nyqx22q5vd0iixbDQ8gLMiDAH,construction,linkedin.com/company/alp'renove---vitrerie-des-alpes,thônes,alp'renove - vitrerie des alpes,auvergne-rhône-alpes,1-10,
france,,xGGjldvsetuK2amkz8kOrwmscoiF,construction,linkedin.com/company/aluminium-creation,saint-girons,aluminium creation,occitanie,1-10,
france,,WsI8mjwQwDaLpp3FHhgZXgvUypUt,construction,linkedin.com/company/ant-constructions,levens,ant constructions,provence-alpes-côte d'azur,1-10,
france,,EItHJCwm8LQYmYMdrKBgSgmVZ68a,construction,linkedin.com/company/stores-clement,mitry-mory,stores clement,île-de-france,1-10,
france,2022,qCpkglD5W5cfdFeonkuHQQyd3TUR,construction,linkedin.com/company/mkm-habitat,revigny-sur-ornain,mkm habitat,grand est,1-10,mkmhabitat.fr
france,2007,tYfwTve47jzOrBeJVp88IwViAjrn,construction,linkedin.com/company/cb-menuiserie-agencement,acigné,cb menuiserie agencement,bretagne,11-50,cb-menuiserie-agencement.fr
france,,SXI3V1OqlWyvzDItuHe4lwuE5eEi,construction,linkedin.com/company/kuroda-thomas,paris,kuroda thomas,île-de-france,1-10,
france,,EtghCkTBlwINTWnnuMHeCQWVWVmD,construction,linkedin.com/company/blache-maconnerie,colombier-le-vieux,blache maconnerie,auvergne-rhône-alpes,1-10,
france,1961,78FrzhAB6ktM84mnB7RruANbHIx0,construction,linkedin.com/company/centralair-s.a.,chassieu,centralair s.a.,auvergne-rhône-alpes,1-10,centralair.fr
france,2020,GBVCn0reXf2grQlbMRNeVgQ5gfBx,construction,linkedin.com/company/omega-bat,saint-vincent-de-tyrosse,omega bat,nouvelle-aquitaine,1-10,omegabat40.fr
france,,o2QMWF44agnLIpk8F3t1mwNmg7Ey,construction,linkedin.com/company/menuiserie-aluminium-batimemt,épinay-sous-sénart,menuiserie aluminium batimemt,île-de-france,1-10,
france,2008,bYWvCIk4vSZgEMbZ5r3Vigpbh5kW,construction,linkedin.com/company/pro-soudure,châteauneuf-sur-loire,pro soudure,centre-val de loire,1-10,prosoudure.com
france,,kxzeZLY8FPn7cnh6Wgd50wpyENTz,construction,linkedin.com/company/belinois-carrelage,teloché,belinois carrelage,pays de la loire,1-10,belinois-carrelage.fr
france,,gvjCU1wJOzuWDTT8HjijMQwNiALu,construction,linkedin.com/company/plafafisco,sevran,plafafisco,île-de-france,1-10,
france,,w5G6y8NvecrLf1A3TGMexQtOO44J,construction,linkedin.com/company/clotures-saniez-sud,solesmes,clotures saniez sud,hauts-de-france,1-10,
france,,Sed2Q7dCuHhkpz0yCyVbAgq2MMKx,construction,linkedin.com/company/lal-cfc---compagnie-française-de-construction,trappes,lal cfc - compagnie française de construction,île-de-france,1-10,lal.construction
france,,DV5wPDLaLcaEtCJtSGbLlgVZdux9,construction,linkedin.com/company/m.k-renovation,auchel,m.k renovation,hauts-de-france,1-10,
france,,gY2eURapcRnksCbsBSG4LgJGz0GT,construction,linkedin.com/company/madikera-btp-sas,,madikera btp sas,,1-10,
france,,FpyvR9PW1mH3rHoxjJOBOgULxutV,construction,linkedin.com/company/soares-da-costa-jose,saint-denis-sur-coise,soares da costa jose,auvergne-rhône-alpes,1-10,
france,,RqyUCUPRBJJPWzZq0NCfmAFlxZaM,construction,linkedin.com/company/axe-colors,saint-avertin,axe-colors,centre-val de loire,1-10,
france,,PyTbOQTzddDfFB7Ob4tlEwR1bqiD,construction,linkedin.com/company/lefetz-alain-andre,saint-laurent-blangy,lefetz alain andre,hauts-de-france,1-10,
france,,tB6FOTNYAaNEsraCXyBbWwHeAbpW,construction,linkedin.com/company/rcb-batiment,villebon-sur-yvette,rcb batiment,île-de-france,1-10,
france,,aZDJ8cwCERmryoMl9F6SBgjdhHPY,construction,linkedin.com/company/audit-bilan-telecom-assistech,canéjan,audit bilan telecom assistech,nouvelle-aquitaine,1-10,
france,,xXHBBaVvN5z1tYRvtkHlKAn8h8st,construction,linkedin.com/company/sarl-sud-ouest-eco-logis,toulouse,sarl sud-ouest eco-logis,occitanie,1-10,
france,,wGJWAYkCoUNxdFYMlFG0tg2b22m4,construction,linkedin.com/company/af-terrassement,saint-laurent-du-bois,af terrassement,nouvelle-aquitaine,1-10,
france,,vCtk7KXDnlc5rv7CV5dq8QJj6LYE,construction,linkedin.com/company/moduleinox,dijon,moduleinox,bourgogne-franche-comté,1-10,
france,,ZrvZiOF0aTIHjaHCwNyuFAjM1wOD,construction,linkedin.com/company/cmc-electricite,martignas-sur-jalle,cmc electricite,nouvelle-aquitaine,1-10,
france,,uw5Q4QBTfclpu3im55NgiQjBnDrx,construction,linkedin.com/company/tribal-tp,caruel,tribal tp,nouvelle-aquitaine,11-50,
france,1981,kpTNdapIBT9ZnwBtdvn0UAKdhvI4,construction,linkedin.com/company/altaïs-ingenierie,ceyrat,altaïs ingenierie,auvergne-rhône-alpes,11-50,altais-ingenierie.fr
france,,vmTsAOtInBBqddkBAG3UTw5G7pqf,construction,linkedin.com/company/h.i---batiment-06,nice,h.i - batiment 06,provence-alpes-côte d'azur,1-10,
france,,FcGgZKqbfRrFtS3BAKR2hgMclAwV,construction,linkedin.com/company/aluminium-et-creations,bapaume,aluminium et creations,hauts-de-france,1-10,aluminium-et-creations.fr
france,,9lNUcTr3lDvYAYzUQfJvdwcCHvqg,construction,linkedin.com/company/energie-passive,saint-just-malmont,energie passive,auvergne-rhône-alpes,1-10,
france,,nvxITANCDDsddfGG2r7xDwuAtDGN,construction,linkedin.com/company/lusseau-rodolphe,grandchamps-des-fontaines,lusseau rodolphe,pays de la loire,1-10,
france,,tERdCXBstbRaWstmbj4AtwqFxrlU,construction,linkedin.com/company/menuiserie-jean-louis-garcia,montagnac,menuiserie jean-louis garcia,occitanie,1-10,
france,2005,ld1UtJmxzflfQXkw4Inu8wT4eAn4,construction,linkedin.com/company/sarl-eliez,saint-yrieix-la-perche,sarl eliez,nouvelle-aquitaine,11-50,
france,2012,wKq9kFWnJnnSibOYVg39Tw6HnrWd,construction,linkedin.com/company/mep-marquis-enduits-peinture,pernes,mep (marquis enduits peinture),hauts-de-france,1-10,
france,2012,BNjbNyvZbVdQMBSXABZXWwJvrsNV,construction,linkedin.com/company/julien-lebourgeois,lyon,julien lebourgeois s.a.s.,auvergne-rhone-alpes,1-10,julienlebourgeois.com
france,,IZoG6CpIOr1JaXuz6tW43Q3b7Ria,construction,linkedin.com/company/s.v.-terrassement,argelès-sur-mer,s.v. terrassement,occitanie,1-10,
france,,CT15fzDyKfXKGDKcSenVBQKqpDCe,construction,linkedin.com/company/s-k-m-n,paris,s k m n,île-de-france,1-10,
france,,KJt6IqA8D0GZxKpxTB967QnPNNgG,construction,linkedin.com/company/atc-net,le blanc-mesnil,atc net,île-de-france,11-50,
france,,jloT6pl5BqjfJGlgNHu5BweF2In3,construction,linkedin.com/company/pro-limak,agen,pro limak,nouvelle-aquitaine,1-10,
france,,6L2SjL2w8fDKZv0raQJstg33r7dO,construction,linkedin.com/company/entreprise-santerne-fluides,sequedin,santerne fluides,hauts-de-france,51-200,santerne-fluides.fr
france,,XqQ8d4tLrWBdOclKOCUmkwMpOVSr,construction,linkedin.com/company/ab-metalic,agde,ab metalic,occitanie,1-10,
france,2017,r88ziHvBPpR56MUga5SzZwHLZMS3,construction,linkedin.com/company/l-atelier-des-bâtisseurs-de-l-ouest,quimperlé,l'atelier des bâtisseurs de l'ouest,bretagne,1-10,atelierdesbatisseurs.bzh
france,,NS8jHg82UgJADZkkcutEJAA9sDFr,construction,linkedin.com/company/sarl-sllj-ste-samuel-lea-lurdes-joel,claira,"sarl \sllj\"" ste samuel lea lurdes joel""",occitanie,1-10,
france,,xjC5xF6TAvVjQ4QTICLC7QLXeH4d,construction,linkedin.com/company/jcl-escaliers,verrières-le-buisson,jcl escaliers,île-de-france,1-10,
france,2001,eJEA1yrtiKSK56qJyoT6XQQfLjGG,construction,linkedin.com/company/b-e-t-vision,bellegarde-du-loiret,bet vision,centre-val de loire,1-10,betvision.fr
france,2003,utyOk29lVk8nTqCy9U7soQGHESoW,construction,linkedin.com/company/alma-entreprise,bussy-saint-georges,alma entreprise,île-de-france,11-50,almaentreprise.fr
france,,54GikmRyFJyvEy7v02CFnAn0cbu0,construction,linkedin.com/company/iso-spray-international,paris,iso spray international,île-de-france,11-50,
france,,m5Ix7HqgAgmufhYL4sOLuwoiIpjW,construction,linkedin.com/company/technics-energies,montpezat-de-quercy,technics energies,occitanie,1-10,
france,,TklsxtDdViQRBBkvZPDscAl9f4mo,construction,linkedin.com/company/bassin-peinture,parentis-en-born,bassin peinture,nouvelle-aquitaine,1-10,
france,,jKS6IwBwFWXE6r4JLcSqJA6KtcO8,construction,linkedin.com/company/somatbel-group,roncq,somatbel group,hauts-de-france,1-10,somatbel-group.com
france,,CY6Zj9SJBREkiL1x8un6uAKRiagR,construction,linkedin.com/company/t.r.t.p.-transport-reprise-terrassement-parisien-,courtry,t.r.t.p. (transport reprise terrassement parisien),île-de-france,1-10,
france,1971,qVdOGC64CEfacZim1RZmWgZTbI1y,construction,linkedin.com/company/etablissement-marcel-gilot,rostrenen,etablissement marcel gilot,bretagne,11-50,jlg.bzh
france,,8ClEiTJJPhdeqTv7aps71QYkhcXW,construction,linkedin.com/company/coutarel-menuiserie-alu,coren,coutarel menuiserie alu,auvergne-rhône-alpes,1-10,
france,,kpd4ACFjCmsvmzedLZ1fXwL2JKEP,construction,linkedin.com/company/prevalet-amenagement,houtaud,prevalet amenagement,bourgogne-franche-comté,1-10,
france,,NRBnvxTNsa30ju1N4Cby8QviWIBs,construction,linkedin.com/company/temb-etancheite,livry-gargan,temb etancheite,île-de-france,1-10,
france,,R0t1DSnKQLMsYjTkZuJrTAp43c8c,construction,linkedin.com/company/soc-esperance-des-ets-fauchard,rue du rosier,soc esperance des ets fauchard,hauts-de-france,11-50,
france,,mN1s9IyCV9IdNeb0S1BSOwvhPT7v,construction,linkedin.com/company/duclos-marc-et-fils,saint-nicolas-de-la-taille,duclos marc et fils,normandie,11-50,
france,2017,6GEc2ZTyCbDoeLtzmzV99wuhlHAW,construction,linkedin.com/company/trigone-global-solution,paris,trigone global solution,île-de-france,1-10,
france,,sylMCWkZD41mXf1eRUktWwosvodb,construction,linkedin.com/company/poinson-pere-et-fils,simeyrols,poinson pere et fils,nouvelle-aquitaine,1-10,
france,,IUDVBXnmxOZyBGzsFFz5qgUTptfL,construction,linkedin.com/company/caelia,saint-jeannet,caelia,provence-alpes-côte d'azur,1-10,caelia.fr
france,,H1S33rG8oBuSzlnlSTa2FwU2jXka,construction,linkedin.com/company/moonarte,aulnay-sous-bois,moonarte,île-de-france,1-10,
france,,ZEC6OJMek5B7BOxO67nGuAtu4MZn,construction,linkedin.com/company/eurl-marlot,saint-pierre-de-maillé,eurl marlot,nouvelle-aquitaine,1-10,
france,,JJY25wyBjcjj7xuBwy4Ciwza48Qv,construction,linkedin.com/company/caliskan-construction,lorient,caliskan construction,bretagne,1-10,
france,,4Tv3LDTL27afLSbCEkt9IgahYDtY,construction,linkedin.com/company/batiment-maison-renovation,ozoir-la-ferrière,batiment maison renovation,île-de-france,1-10,
france,,ebxqQuu0F8Q8XcRRC1mp6gX6Xk9W,construction,linkedin.com/company/tout-temps-peinture,lisses,tout temps peinture,île-de-france,1-10,touttempspeinture.com
france,2015,X9HDZOu7zBSpv7aer2v8og68zPBN,construction,linkedin.com/company/alpha-expertises,mulhouse,lopez,grand est,11-50,alpha-expertises.fr
france,,gRoz5B1bZTw23UViM1J6QwL2nZut,construction,linkedin.com/company/martinez-henri,quincieux,martinez henri,auvergne-rhône-alpes,1-10,
france,,oQD08MvlGla8P3mDCTa2VwtfoMMt,construction,linkedin.com/company/eddjebi-gofran,rue des mauvilains,eddjebi gofran,centre-val de loire,1-10,
france,,Ls7sAycvLdd95gp6KOB6RQU8xdWL,construction,linkedin.com/company/dreams-services,issou,dreams services,île-de-france,1-10,
france,,CuuCnoUbVOvOGpPFYyl8zwAr43Hy,construction,linkedin.com/company/genie-batiments-et-services,saint-maur-des-fossés,genie batiments et services,île-de-france,1-10,
france,,vWMLIM0scJhgojFLuLQ96gecTLnz,construction,linkedin.com/company/harmo-nids,puy-sanières,harmo-nids,provence-alpes-côte d'azur,1-10,
france,,zRqH4LtsUBg44zdy4LBjLwq3Wtww,construction,linkedin.com/company/l-abri,montivilliers,l abri,normandie,1-10,
france,,4pzZB5EPTvlGNd9Hq7LVkwwrxwtf,construction,linkedin.com/company/serrurerie-métallerie-f.deak,chilly-mazarin,serrurerie-métallerie f.deak,île-de-france,1-10,
france,,o2QRdVPngCnkxCl6IhLAbQzFnbRj,construction,linkedin.com/company/brandao-alves-cesar-jose,sadirac,brandao alves cesar jose,nouvelle-aquitaine,1-10,
france,,lf0uMaKS1MwwmCPOargM4wsr50Vl,construction,linkedin.com/company/carre-stores,vannes,carre stores,bretagne,1-10,carre-stores.fr
france,,vXlHn2I5Qxe4EXoCczXhWwUTgYf8,construction,linkedin.com/company/soluren,balma,soluren,occitanie,1-10,
france,,OoFxN8BOJT3SYqBTz9tgtgVq2Flx,construction,linkedin.com/company/fargas-rhone-alpes,piolenc,fargas rhone alpes,provence-alpes-côte d'azur,1-10,
france,,Iq4CeHdpJkeBLqRx85ho8AqEvMrk,construction,linkedin.com/company/c.r.v.s.,roézé-sur-sarthe,c.r.v.s.,pays de la loire,1-10,
france,,AcYtcgjfiDneAajCvIHm8wTTx9GU,construction,linkedin.com/company/yale-com,paris,yale com,île-de-france,1-10,
france,,I8Nok6NBirk7dMO4aO3aBAOOHY5H,construction,linkedin.com/company/alpes-provence-menuiseries,prads-haute-bléone,alpes provence menuiseries,provence-alpes-côte d'azur,1-10,
france,,thtx4KEd9qraj3pCj1JGIwVjgHB6,construction,linkedin.com/company/erpas,bon-encontre,erpas,nouvelle-aquitaine,1-10,
france,,upRTkn24FIbvJzjiMhrehwqOfAkS,construction,linkedin.com/company/arnaud-fournaise,forcalquier,arnaud fournaise,provence-alpes-côte d'azur,1-10,afournaise.fr
france,,QOdIMlLCw9VKFvrAPAavqQvhPkr5,construction,linkedin.com/company/tordet-thomas,vieille-église,tordet thomas,hauts-de-france,1-10,
france,,mkQvVuMqY3D8zu0HHsVOnQqcl6yr,construction,linkedin.com/company/ets-maisons-d-alsace,val-de-moder,ets maisons d'alsace,grand est,1-10,maisonsdalsace.com
france,,irC3mEBj023kYH3wzkrpLQ9Mnm63,construction,linkedin.com/company/lefort-bruno,selles,lefort bruno,normandie,1-10,
france,,Pt6nUiIBxBTCo6IsAdb6XwPosn6D,construction,linkedin.com/company/les-ouvriers-multi-services,saint-thibault-des-vignes,les ouvriers multi-services,île-de-france,1-10,
france,,NYsubXkRO327CJzJjNLuaQtdpNgG,construction,linkedin.com/company/super-colors,paris,super colors,île-de-france,1-10,
france,,3AjJNjoq5CRvFseSpbPThA16WFrN,construction,linkedin.com/company/sp2r,la chapelle-des-fougeretz,sp2r,bretagne,1-10,
france,,hUHqUsh0r6BDaBepXH8QlQhYAMRq,construction,linkedin.com/company/la-grange-du-lac,cazals,la grange du lac,occitanie,1-10,grangedulac.com
france,,f2lvF0EL7XdPovEcS6uLoQZ6viaL,construction,linkedin.com/company/servi-tech-o.i.,saint-pierre-du-perray,servi tech o.i.,île-de-france,1-10,
france,2015,PaJ6bqWd12h2UBjpNOoOtgczub6d,construction,linkedin.com/company/presti-bat-aubenas,aubenas,presti'bat aubenas,auvergne-rhône-alpes,1-10,presti-bat.fr
france,,RfmW4sZKWXuDBwuICmLtPg7eragQ,construction,linkedin.com/company/midimas-bat,roquefort-les-pins,midimas-bat,provence-alpes-côte d'azur,1-10,
france,,5C3t96bOl77MeOj42TOZsgUtiJwA,construction,linkedin.com/company/perez-&-fils,buzet-sur-baïse,perez & fils,nouvelle-aquitaine,1-10,
france,,j4nNurbbp6J23bw4Sn9oLAaSqr3i,construction,linkedin.com/company/plombier-et-plus-,sainte-foy-lès-lyon,"plombier et plus,",auvergne-rhône-alpes,1-10,plombieretplus-plumber.business.site
france,2015,jUYGpxPvReBBf1QLDrhVKACkRkQo,construction,linkedin.com/company/solibati,épinay-sur-orge,solibati,île-de-france,1-10,solibati.fr
france,2008,QXL8WQ8HY58MDciBHbRFSw2pTSdW,construction,linkedin.com/company/barizy-alu-pvc,phalsbourg,barizy alu pvc,grand est,1-10,barizyalupvc.com
france,,Ek784X9FMIkvO03pGjkEoAgX2rp6,construction,linkedin.com/company/andreoli-ludovic,corny-sur-moselle,andreoli ludovic,grand est,1-10,
france,2011,GYIR18R4apeC10xtyFZAEQUnEYFD,construction,linkedin.com/company/latp-travaux-publics,ernée,latp legros amenagements travaux publics,pays de la loire,11-50,
france,,VoV4bZwEy9jIlYWxzLzc1Q0f5Axy,construction,linkedin.com/company/crussol-plomb'-elec-energie,le grand pré,crussol plomb' elec energie,centre-val de loire,1-10,
france,,cpZlOdRpw4D1WWyqvxtg3gLk7TL0,construction,linkedin.com/company/gardavaud,jarnages,gardavaud,nouvelle-aquitaine,1-10,
france,,PQAavMcaghaDUDb9LCXtIQJ91wQD,construction,linkedin.com/company/groupe-bcmi,poitiers,groupe bcmi,nouvelle-aquitaine,11-50,groupe-bcmi.com
france,,1ExazG3OzbgumnkB4BjWpwLGWcKF,construction,linkedin.com/company/charpente-loret,issy-les-moulineaux,charpente loret,île-de-france,11-50,charpente-loret.com
france,2005,rVok9GC0ACedANemJ2JNkggct4Q8,construction,linkedin.com/company/terrain-construction-com,strasbourg,terrain-construction.com,grand est,1-10,terrain-construction.com
france,,x9BvGuPGhfLmsxamm0zrCAIQbJfM,construction,linkedin.com/company/certaf-calorifuge-etude-realisation-thermique-acoustique-frigorifique,la courneuve,certaf calorifuge etude realisation thermique acoustique frigorifique,île-de-france,11-50,
france,,bcWMj5LdSFdCKS02bUvGPQ2KsHjM,construction,linkedin.com/company/eurl-2kd,limoges-fourches,eurl 2kd,île-de-france,1-10,
france,,1BFxqSlaggB50cbrBPK1BgQFjNjm,construction,linkedin.com/company/debeaupte-87,saint-léonard-de-noblat,debeaupte 87,nouvelle-aquitaine,1-10,debeaupte-87.com
france,,FlhloLfIBebeprYljluxfQUUzynA,construction,linkedin.com/company/andrieux-et-fils,vert-le-petit,andrieux et fils,île-de-france,1-10,
france,,RIaQL6oXxWrvhqnLeRyg5gyG3HPb,construction,linkedin.com/company/groupe-clemessy,mulhouse,groupe clemessy,grand est,1-10,
france,,C9awLUIRaX45NmWBxPraSACSgniL,construction,linkedin.com/company/etablissements-engmann,saint-etienne,etablissements engmann,auvergne-rhone-alpes,1-10,
france,,1lvI4dY2jQyydRGaKhrzQQTNG2Tr,construction,linkedin.com/company/prestapose,vitry-sur-seine,prestapose,île-de-france,1-10,
france,,5Oz1G7LqDRSPN92WXdLE2wZkN4Fb,construction,linkedin.com/company/gouttiere-alu-france,colomiers,gouttiere alu france,occitanie,1-10,
france,,idOSIvNZhG2lmbT8DYdXIw4NCEqY,construction,linkedin.com/company/sarl-eps,noisy-le-sec,sarl eps,île-de-france,1-10,
france,,QX5c1pf7EqWAiVNK28vHSAq6Qwfr,construction,linkedin.com/company/bilgen,creutzwald,bilgen,grand est,1-10,
france,,ru4w5ow2YEsBxNUvdI3QbwS1c0Hi,construction,linkedin.com/company/eurl-jerome-chopin,tour-en-bessin,eurl jerome chopin,normandie,1-10,
france,,kMBA9BszrnIHgXHl1GGFCwbyfa5d,construction,linkedin.com/company/poiret-sa,ruitz,poiret sa,hauts-de-france,1-10,
france,,x3XENBo9vNbc6BA55nKZzQmKXSvh,construction,linkedin.com/company/carrelage-au-carre-sas,orange,carrelage au carre sas,provence-alpes-côte d'azur,1-10,
france,,xXRzSfc9gxm7V4cQAJCbNA4mZUqx,construction,linkedin.com/company/pierre-guiheneuf,la baule,pierre guiheneuf,pays de la loire,1-10,
france,,EDKDUy9w3B2UuMVcC4FZBQOrq3rT,construction,linkedin.com/company/ste-civile-des-landes,loudun,ste civile des landes,nouvelle-aquitaine,1-10,
france,,bvbBjQp4Qg8uAMeh7Qx8RwhMdTIj,construction,linkedin.com/company/schuman-energies,bar-le-duc,schuman energies,grand est,1-10,schuman-energies.fr
france,,C7z1yhyaFMH27oasXEROLgmCOYrC,construction,linkedin.com/company/pli-mex-idf,lisses,pli-mex,île-de-france,1-10,
france,,agkZ90jREJUalREKgRq5agMJiAur,construction,linkedin.com/company/reverand-et-piron,rillieux-la-pape,reverand et piron,auvergne-rhône-alpes,1-10,
france,,HWZbNTu9p03K1QMqBUYCrgCXOBX6,construction,linkedin.com/company/entreprisemenard-tp,montauban-de-bretagne,menard tp,bretagne,11-50,menard-tp.fr
france,,fjTjjTcOccredew05jhCtwIczWHy,construction,linkedin.com/company/ifraco,paris,ifraco,île-de-france,1-10,
france,,EGVNB7l3ibFXyIaoCtRUzAFKDF6Q,construction,linkedin.com/company/euroterre,émerainville,euroterre,île-de-france,1-10,
france,,TiwTF3mmx0P3RR3fO6t9SQGN7Zft,construction,linkedin.com/company/p.c.energie,montpellier,p.c.energie,occitanie,1-10,
france,,4fCB84HvlcAZ2r32wNEWOAGHYFNc,construction,linkedin.com/company/abcd-travaux,pompignan,abcd travaux,occitanie,1-10,
france,,od39MNIPnx804rUDPIXD4wl7CD7E,construction,linkedin.com/company/mfc-concept,berchères-les-pierres,mfc concept,centre-val de loire,1-10,
france,,yFGCajpKKJQgn4vBY7aVkwv98CZA,construction,linkedin.com/company/amenagement-espace-concept,cugand,amenagement espace concept,pays de la loire,1-10,
france,,Y6DjR8r1Ehv5ORXz7TppFA22EfHn,construction,linkedin.com/company/lignier-sas,campigneulles-les-petites,lignier sas,hauts-de-france,11-50,
france,,hWe9nMWQilOXsltCEJIxXwYbhxCh,construction,linkedin.com/company/b-p-s-c,millery,b p s c,auvergne-rhône-alpes,1-10,
france,2018,QXAXckhVldMZs6hguNCw4wBidCUE,construction,linkedin.com/company/m-f-plomberie,l’union,m.f plomberie,occitanie,1-10,mf-plomberie.com
france,,9ZLp6ACkK7a5gZgNnfvhOQIgNDXw,construction,linkedin.com/company/g.d.i.d,nucourt,g.d.i.d,île-de-france,1-10,
france,,8dRGCGTzSg2DG1Xh99BJ7gF0KKev,construction,linkedin.com/company/fernand-et-daniel-perrin,vagney,fernand et daniel perrin,grand est,1-10,
france,,TmmBiEgOg4A54KIciWkWIgL5nRTx,construction,linkedin.com/company/etablissements-patrick-bages,albi,etablissements patrick bages,occitanie,1-10,
france,,7q4T42RD1BFKgXxmzRlO3Q5HBsR2,construction,linkedin.com/company/alfarano-antonio,saint-saturnin,alfarano antonio,grand est,1-10,
france,,C22FDNINBImaIhCNvy6VMQztlInQ,construction,linkedin.com/company/arketype-construction,vaulx-en-velin,arketype construction,auvergne-rhône-alpes,1-10,
france,,mxs8YeBDMGd22wnABjH7jQFxf69V,construction,linkedin.com/company/e.u.r.l.-tony-manno,saint-maur-des-fossés,e.u.r.l. tony manno,île-de-france,1-10,
france,,OVZzP0HWf2Yop5JQB2NyPAZ69LCG,construction,linkedin.com/company/jmg-carrelage,roncq,jmg carrelage,hauts-de-france,1-10,
france,,LME2wD95l0HxYuDXhfWj5w37E9zO,construction,linkedin.com/company/geo-for,le bignon,geo-for,pays de la loire,1-10,geo-for.com
france,1964,hDr7UPy7tn8MbHz3gE8utQlm30h6,construction,linkedin.com/company/jouneausystem,baurech,jouneau system,nouvelle-aquitaine,11-50,jouneau.fr
france,,O4w0CzpbUE81HmV6JONYXAkmXcp8,construction,linkedin.com/company/gallard-constructions-metalliques-gcm,chaudron-en-mauges,gallard constructions metalliques,pays de la loire,11-50,gallard-constructions-metalliques.fr
france,,g4CVB9cO0N6S7trqMY9OqwCu5lRC,construction,linkedin.com/company/adt.btp,saint-martin-bellevue,adt.btp,auvergne-rhône-alpes,1-10,
france,,n0XnBp5t5xX1WPPOF9f8jAIcOiyr,construction,linkedin.com/company/nol-erw-charpente,saint-aubin-sur-gaillon,nol-erw charpente,normandie,1-10,
france,,pHvzNKmZ2aB9Zh3gvQ19ww7MeHv3,construction,linkedin.com/company/s.d.b.---entreprise-christian-desvignes,rue du rosult,s.d.b. - entreprise christian desvignes,hauts-de-france,1-10,
france,,4u8t8NpMmXONaVWIqIa48ghdXUAz,construction,linkedin.com/company/anthony-entreprise,saint-ouen,anthony entreprise,île-de-france,1-10,
france,,ZTZGS3uyQ6nlBMowNk9qLw1OetVy,construction,linkedin.com/company/ml-renov,la garenne-colombes,ml renov,île-de-france,1-10,
france,,A00dpB0u34zvfTeOa3HLXgcZ1Fly,construction,linkedin.com/company/smb-sarl,paris,smb sarl,île-de-france,1-10,
france,,QTZP7XapP4RgKdAOKgMWHAiKyo9X,construction,linkedin.com/company/deco-finition,argenteuil,deco finition,île-de-france,1-10,
france,,aabC6SI5jisQezd2ep6nDwMhK6cJ,construction,linkedin.com/company/d.s.-couverture,épineau-les-voves,d.s. couverture,bourgogne-franche-comté,1-10,
france,,bUgKDTUCz7F9m8txk6Z7oQRCG9OC,construction,linkedin.com/company/g-ouest-elec,le mans,g ouest elec,pays de la loire,1-10,
france,2019,EAPxTHfm9eNyG4hzqE7FtwazDxCX,construction,linkedin.com/company/breizh-mobil-homes,loudéac,breizh mobil homes,bretagne,11-50,breizhmobilhomes.com
france,,Pk2WgDjbECJ5sB734uHATwHXVell,construction,linkedin.com/company/roms-societe,dammarie,roms societe,centre-val de loire,1-10,
france,,8m4Pkz4ECkJO9W6lYc8n9Ad0dmOx,construction,linkedin.com/company/crea-concept-bois,moussy-le-neuf,crea-concept-bois,île-de-france,1-10,
france,,avze19CSqbYyrKzhIdNUbQboIn3X,construction,linkedin.com/company/entreprise-guillermin,campigneulles-les-petites,entreprise guillermin,hauts-de-france,1-10,
france,2017,fej8Qwl3thB559n9XOYqAAJ7Es6E,construction,linkedin.com/company/vfgci,bourges,vfgci,centre-val de loire,1-10,
france,,2OiFZSVumBVqYY9zRuj79AAjzfjJ,construction,linkedin.com/company/entreprise-curt-denis,saint-savin,entreprise curt denis,auvergne-rhône-alpes,1-10,
france,,6u0KBZwAuEPgvBFKwZrnTAh6gfPC,construction,linkedin.com/company/lenam-construction,l’isle-adam,lenam construction,île-de-france,1-10,
france,,MF4cjLUBDAU2FhlTU9N5bQCiWAtC,construction,linkedin.com/company/raoux-patrick,rue du rosier,raoux patrick,hauts-de-france,1-10,
france,,7hcs4SMcJX6eLlgQLbEoZw6ATLyx,construction,linkedin.com/company/depan-eclair,fontaine-la-rivière,depan eclair,île-de-france,1-10,depaneclaire.fr
france,,KBYWKZsbT9BknVBJiBLC0g62oEgg,construction,linkedin.com/company/milak-romeo,gagny,milak romeo,île-de-france,1-10,
france,,wIpAoECMiNil1HC2gPalcgpZAasV,construction,linkedin.com/company/vaucluse-isolation,sarrians,vaucluse isolation,provence-alpes-côte d'azur,1-10,vaucluseisolation.fr
france,,wDArMvnb93aBgKwOkaXeCAkt5YCd,construction,linkedin.com/company/glavu-casian-dorel,paris,glavu casian dorel,île-de-france,1-10,
france,,UcthxWbgXl15xdtTT3NIrQnycHu5,construction,linkedin.com/company/gtns-agencement,saint-germain-en-laye,gtns agencement,île-de-france,1-10,
france,,VCAssI2DfHOT9UuD3JiLFgtBugH7,construction,linkedin.com/company/totale-renovation,paris,totale renovation,île-de-france,1-10,
france,,yDs3urinuhOuvzCUZ25zMwICWjQV,construction,linkedin.com/company/atelier-rebobinage-moteurs-installation-réalisation-maintenance-s.a.s.,saint-julien-les-villas,atelier rebobinage moteurs installation réalisation maintenance s.a.s.,grand est,1-10,
france,,tCiTPFth6BdXjyai1hbx9Qciqztn,construction,linkedin.com/company/gaz-assistance-service-saint-brieuc,saint-brieuc,gaz assistance service saint-brieuc,bretagne,1-10,depannage-chauffage.com
france,,MiLbWuhg8kOGDgyBGjUefQi0V371,construction,linkedin.com/company/vincent-menuiserie,unieux,vincent menuiserie,auvergne-rhône-alpes,1-10,
france,,cKEjlOH3TQeW6WVur59vXALG5t8g,construction,linkedin.com/company/ciel-deco,grenoble,ciel deco,auvergne-rhone-alpes,1-10,
france,,j94Yk0rcwfs9nAFDtG5DyQgGSsZs,construction,linkedin.com/company/maison-oria,lambersart,maison oria,hauts-de-france,1-10,maisonoria.com
france,,5711avD1KQ4BGbtB9sBhCAakrXoh,construction,linkedin.com/company/sarl-rcr,chasseneuil-du-poitou,sarl rcr,nouvelle-aquitaine,1-10,
france,,PCXLIBninWOeIjje1MPeyAlPoPW0,construction,linkedin.com/company/renov-habitation-sarl,soisy-sous-montmorency,renov habitation sarl,île-de-france,1-10,
france,,dPgWObQQie7LQq3WBzvpkwYPjhts,construction,linkedin.com/company/ecobat-77,le châtelet-en-brie,ecobat 77,île-de-france,11-50,
france,,rcKxTJbcYkUKyMLwMDpuggZtB3gq,construction,linkedin.com/company/pakiza-constructions,divonne-les-bains,pakiza constructions,auvergne-rhône-alpes,1-10,
france,,qJW6zuMzBpTsrZQRF6kyrAdRcKU4,construction,linkedin.com/company/entreprise-corniolo,la colle-sur-loup,entreprise corniolo,provence-alpes-côte d'azur,1-10,
france,,thRqLfPpzRk3NE3RFW2NBwHNx3HH,construction,linkedin.com/company/sarl-escaliers-berrmoun,saint-jean-du-falga,sarl escaliers berrmoun,occitanie,1-10,
france,,Sn2NLtPneIW89HxKd2yGjA8GsAax,construction,linkedin.com/company/m.g.v.p,monteux,m.g.v.p,provence-alpes-côte d'azur,1-10,
france,,udIC9FaCaj4P72agrDdPigH2Hfls,construction,linkedin.com/company/suun-pere-et-fils,la ville-aux-dames,suun pere et fils,centre-val de loire,11-50,
france,,cRWUt3fuq7H1IqT1NTZ9OgjZakhP,construction,linkedin.com/company/milint,la courneuve,milint,île-de-france,1-10,
france,,VWU7Oi2DmvqbFAnyaYlrCgVJd6op,construction,linkedin.com/company/work-service-fr,champier,work service,auvergne-rhône-alpes,1-10,work-service-handicraft.business.site
france,,IJegBwC2FHMy0P1Ty9piMQKHeyYZ,construction,linkedin.com/company/jma-peinture,valenciennes,jma peinture,hauts-de-france,1-10,
france,,DH0i25tJhkeTCmBOqcsKagwu5s9q,construction,linkedin.com/company/imraled,baillet-en-france,imraled,île-de-france,1-10,
france,,GrozVBdyRoqdvHIbpoTjng1T7oks,construction,linkedin.com/company/francilienne-de-ravalement-et-isolation,sevran,francilienne de ravalement et isolation,île-de-france,1-10,
france,2009,VPMBOh7o2SPP41BBea0WiAb1fajx,construction,linkedin.com/company/cnb-batiment,saint-maurice-l’exil,cnb batiment,auvergne-rhône-alpes,11-50,cnbbatiment.com
france,,PC5HEYi2w2bqYOQUtLm7bwLWjEXZ,construction,linkedin.com/company/menuiserie-castelolonnaise,olonne-sur-mer,menuiserie castelolonnaise,pays de la loire,1-10,
france,,PDvDUDdIaxXGlH572NC5hQt1nO4I,construction,linkedin.com/company/yesildal,sorgues,yesildal,provence-alpes-côte d'azur,1-10,
france,,6jkY8bHVdTiMgZmgZCnYXQc2gBXx,construction,linkedin.com/company/snadec,cagnes-sur-mer,snadec,provence-alpes-côte d'azur,201-500,snadec.fr
france,,b0cxF9Kg9E7Fa84p8u5s5gxANsla,construction,linkedin.com/company/sarl-da-cunha-girondeau,saint-gelais,sarl da cunha girondeau,nouvelle-aquitaine,1-10,
france,,kUzaKDdP2Gc5KMgR53tcDAofU3op,construction,linkedin.com/company/vlopes-clim,rue des perrins,vlopes clim,centre-val de loire,11-50,vieiralopes.pt
france,,1K8qQygOZJ5KtKXRK8kS9Qn1SzGH,construction,linkedin.com/company/rkcz,levallois-perret,rkcz,île-de-france,1-10,
france,,kCXx6TScv1CGkPprBBdeawdvx4LB,construction,linkedin.com/company/caelec,cannes,caelec,provence-alpes-côte d'azur,1-10,
france,,wgpyaNtFCeuGBojKSbacAwZ8q96w,construction,linkedin.com/company/marius-renov,bondy,marius renov,île-de-france,1-10,
france,,2Z2Fyy8SIYlDQNuuIB5agwBZPFT1,construction,linkedin.com/company/entreprise-denie-freres,saint-jacques-de-la-lande,entreprise denie freres,bretagne,1-10,entreprisedeniefreres.fr
france,,FCwjPitVCLdCso7alLZK6QNdq2R0,construction,linkedin.com/company/hs2c-travaux-centre-france,rue,hs2c travaux centre france,hauts-de-france,1-10,
france,,z5nci8ldABjb84vTTIaFIQAjyMEm,construction,linkedin.com/company/bgc-renovation-interieure,osny,bgc renovation interieure,île-de-france,1-10,
france,,qYBCyvbH8qmRRyu44YdFoglAP0II,construction,linkedin.com/company/g-&-s-batiment,argenteuil,g & s batiment,île-de-france,1-10,
france,,exJAmFUd0VpHHEbAgxaFNQJYIiOX,construction,linkedin.com/company/raoul-batiments,gagny,raoul batiments,île-de-france,1-10,
france,,1FpfCgTGEdZg93MofOk8owiK4xgH,construction,linkedin.com/company/etablissements-beuvron-m.,montreuil-sur-loir,etablissements beuvron m.,pays de la loire,1-10,
france,,0Po2iBGhMz5zT5dVGKfpmwMKIa2I,construction,linkedin.com/company/kaa-bat,garges-lès-gonesse,kaa bat,île-de-france,1-10,
france,2004,umbhgvc4PBXrGkXHYkuDNgRHXcX3,construction,linkedin.com/company/ipc-ingénierie-et-pilotage-de-la-construction,le crès,ipc - ingénierie et pilotage de la construction,occitanie,1-10,
france,1972,I5JYUe8oNr3xAbfzvbFicAClQVmj,construction,linkedin.com/company/synapseconstruction,écully,synapse construction - groupe agiloe,auvergne-rhône-alpes,51-200,synapse-construction.com
france,,gOg1ARJTB5tBtB0KBA5TlwAxNwoy,construction,linkedin.com/company/compagnie-generale-de-chauffage-et-de-climatisation,saint-laurent-du-var,compagnie generale de chauffage et de climatisation,provence-alpes-côte d'azur,11-50,
france,,xJ3fbtYU3qpLwhYoFsrOQAMvwsA8,construction,linkedin.com/company/reverchon-thomas,marennes,reverchon thomas,nouvelle-aquitaine,1-10,
france,,37JOfKb886CJqcxCIusOiwQS8mpg,construction,linkedin.com/company/mustafa-ibrahim,villeurbanne,mustafa ibrahim,auvergne-rhône-alpes,1-10,
france,,dadpejndDWTNldyOrmRjUQTxrGAC,construction,linkedin.com/company/agence-nationale-des-energies-renouvelables,pantin,agence nationale des energies renouvelables,île-de-france,1-10,
france,2014,xY8N88oqpvIxyW3fopH8wwYwxdWW,construction,linkedin.com/company/brink-climate-systems-france,carquefou,brink climate systems france,pays de la loire,11-50,brinkcs.fr
france,,8LSdVVBcXhmFfL4wm6yOZAW1G6sO,construction,linkedin.com/company/flamme-verte,chemin,flamme-verte,bourgogne-franche-comté,1-10,flammeverte.org
france,,eQyOWJzjMveICB9sizB5Tgf4Rriy,construction,linkedin.com/company/scannapieco,saint-geours-de-maremne,scannapieco,nouvelle-aquitaine,1-10,
france,,6DeSpRp92rxanIxw7yr3JQbrGrcW,construction,linkedin.com/company/g.l.g-energies,saint-égrève,g.l.g energies,auvergne-rhône-alpes,1-10,
france,,NDSvY7B6EwP8gACRsYoFXAQf35iv,construction,linkedin.com/company/durand-xavier,vieille-église,durand xavier,hauts-de-france,1-10,
france,,PymBpnz7ICdhi9jZM1Ty8g74SwrR,construction,linkedin.com/company/gimaret-kevin-antonin,crêches-sur-saône,gimaret kevin antonin,bourgogne-franche-comté,1-10,
france,2019,Xpo71THzCAnwEo7u4qBGIAIE566x,construction,linkedin.com/company/quali-3d,montpellier,quali 3d,occitanie,1-10,quali3d.fr
france,2000,wOfFN2CsRbOsnr8Jux0B1QKOohTi,construction,linkedin.com/company/proximark,irigny,proximark - signalisation routière,auvergne-rhône-alpes,51-200,facebook.com/proximarkfrance
france,,BLuIqg3p8KmmzeJrnqdM6AYZhSsS,construction,linkedin.com/company/pereira-joaquim,mourmelon-le-grand,pereira joaquim,grand est,1-10,
france,,Lbp3dco2Sw0ylz7nxPLOPgjQXFDu,construction,linkedin.com/company/gasquet-et-fils,lissac-sur-couze,gasquet et fils,nouvelle-aquitaine,1-10,
france,,5KUSuiZBBtNhFPnwdrv6fQn9Tf1a,construction,linkedin.com/company/compagnie-d'assistance-technique-et-services-cats,sandouville,compagnie d'assistance technique et services cats,normandie,11-50,
france,,D0XCRrHELqudUZ0Uyq87qwkd5xvt,construction,linkedin.com/company/eventelec,valbonne,eventelec,provence-alpes-côte d'azur,1-10,
france,,LS9aZN0MBu6q5uMO0j5KqAP6HV24,construction,linkedin.com/company/atelier-d'amenagement-interieur,dole,atelier d'amenagement interieur,bourgogne-franche-comté,1-10,
france,,IxQ8sOTLu9WiPWOEFpiETg5kLXy3,construction,linkedin.com/company/pinto-migueis-ilidio,nimes,pinto migueis ilidio,occitanie,1-10,
france,,mCDnQ2t3jt2ph93CowvN4Qqqx2ox,construction,linkedin.com/company/brichet-marchand,vern-d’anjou,brichet-marchand,pays de la loire,1-10,
france,,zjG9RGLOt6WLjmJ7v2Ca8QZ97Apg,construction,linkedin.com/company/chauffage-hamm-marcel,olwisheim,chauffage hamm marcel,grand est,1-10,
france,,IKjIYwrLSlFclb8ppK4jAQHq8Jj0,construction,linkedin.com/company/solibat-lorraine,moncel-lès-lunéville,solibat lorraine,grand est,1-10,
france,,g9VbvqbeD708rCcpOQPHawEAb5rU,construction,linkedin.com/company/pinto-julien,villeneuve-sur-lot,pinto julien,nouvelle-aquitaine,1-10,
france,,P6L8dEBtvqOcPIfJdWTCewtVr7kH,construction,linkedin.com/company/aa-redeco,collonges-au-mont-d’or,aa redeco,auvergne-rhône-alpes,1-10,
france,,BQATekl7Yv2UqxW767ZKwAcJnBdj,construction,linkedin.com/company/tocqueville-echafaudage,aubervilliers,tocqueville echafaudage,île-de-france,1-10,
france,,O3VF022HdFP4ByOXWRbGNwIcBUEK,construction,linkedin.com/company/i-deal-concept,paris,i-deal concept,île-de-france,1-10,
france,2007,KzjcobdCIZQFZ5QIiEuGhw1L3Rzy,construction,linkedin.com/company/remi-menuiserie,ressons-sur-matz,remi menuiserie,hauts-de-france,11-50,remimenuiserie.fr
france,,xjUeKf0SA3lf0RNP4ewSpgRQLJEN,construction,linkedin.com/company/sarl-sage-couverture-zinguerie,saint-gervais-les-bains,sarl sage couverture zinguerie,auvergne-rhône-alpes,1-10,
france,,a3tNTZqPL1yWTcFGjKWD9gZTET9o,construction,linkedin.com/company/lisea-s.a.s.,poitiers,lisea s.a.s.,nouvelle-aquitaine,1-10,lgv-sea-tours-bordeaux.fr
france,,6qraoBfeY7IPE36cMbPAYgXXMFqi,construction,linkedin.com/company/tony-bat,launaguet,tony bat,occitanie,1-10,
france,,NCCT5hCdaO7wDdv3iu9GZAmcVMGS,construction,linkedin.com/company/3c-rénovation,saint-michel-sur-orge,3c rénovation,île-de-france,1-10,
france,,Yrpj1MyVO44rac3VwMukCQH1yXq6,construction,linkedin.com/company/stam-société-terrassement-aménagement-méditerranée-,saint-hippolyte,stam (société terrassement aménagement méditerranée),occitanie,1-10,
france,,cXPpBeBrunHpMJhhNVndBg5vBE6X,construction,linkedin.com/company/agence-travaux-renovation,montgeron,agence travaux renovation,île-de-france,1-10,
france,,ppnivoX9lhYpuLFeNqCBhgDSB2RP,construction,linkedin.com/company/p.i.f.p,saint-avertin,p.i.f.p,centre-val de loire,1-10,
france,,KupORoKC9umcCGg79f4QJAf5bJ8Z,construction,linkedin.com/company/caillaud-tp,la plaine-sur-mer,caillaud tp,pays de la loire,1-10,
france,,4IyfIy2XiLn5l6xmsCqwDwJfX2YR,construction,linkedin.com/company/gauquelin,la voie-neuve,gauquelin,île-de-france,1-10,
france,,A9Tg6eBGk0Rn1s3lLKH5UwjwX9dY,construction,linkedin.com/company/protuc-dumitru,nice,protuc dumitru,provence-alpes-côte d'azur,1-10,
france,,bo76zbA9kPAzQCekrLakpwZP7dAc,construction,linkedin.com/company/lp-plus,montfermeil,lp plus,île-de-france,1-10,
france,,4IZkMCgnLWPKBh20M6pUxw1uY2Qz,construction,linkedin.com/company/suni-design,vendargues,suni design,occitanie,1-10,sunidesign34.fr
france,,oGwM2LNCReMZ2wVGLGEEhgc4tkYc,construction,linkedin.com/company/societe-neverlec,varennes-vauzelles,societe neverlec,bourgogne-franche-comté,1-10,
france,,BfB70zV0aPEvOa08pSOo4wM7yS6r,construction,linkedin.com/company/boalu,eckwersheim,boalu,grand est,1-10,
france,1993,4rxAIL2Lg0VGOVQHBefmMgDX6hyA,construction,linkedin.com/company/net-concept-alsace,eschau,netconcept,grand est,11-50,netconceptalsace.fr
france,1999,AvSQECmoRkCXD3vie02BEwjofDt2,construction,linkedin.com/company/la-boutique-du-menuisier-france,villefranche-de-rouergue,la boutique du menuisier - france,occitanie,1001-5000,laboutiquedumenuisier.fr
france,,yLVw1P0aTzOj2uzn8hhuawQiLdZY,construction,linkedin.com/company/batigeclim,aix-en-provence,batigeclim,provence-alpes-côte d'azur,1-10,
france,,81ZFCpmFXRSLoUyVKs2CoQ4zZMay,construction,linkedin.com/company/jean-marie-eynaud,gap,jean marie eynaud,provence-alpes-côte d'azur,11-50,
france,,IyKA0Zb3I7HDldaCQPkv6Q0ZFzdW,construction,linkedin.com/company/correia-tp,saint-andré,correia tp,hauts-de-france,1-10,correia-tp17.com
france,,pIIM7dGNPMhI2tnSXB7frQXFymN5,construction,linkedin.com/company/so-habitat,écouflant,so habitat,pays de la loire,1-10,sohabitat.fr
france,,W5ILhGYIQ4XOxL1wA8hfpwRtTmyI,construction,linkedin.com/company/legendre.m-couverture,la grande rue,legendre.m couverture,hauts-de-france,1-10,
france,,rTmXKMHulnAC3PSkSz5AJgyk5mId,construction,linkedin.com/company/sasu-brg-facades,aubervilliers,sasu brg facades,île-de-france,1-10,
france,,aDOCF6tLOT0fQT71BVE2wQoYHPbC,construction,linkedin.com/company/delaunay-peinture,mayenne,delaunay peinture,pays de la loire,1-10,
france,2020,45D56MRL5X2uDww0HnMKpQJOJIMt,construction,linkedin.com/company/atelier-clr,villejuif,atelier clr,île-de-france,1-10,atelierclr.fr
france,,AORqcpLACGlLqHwYrTSOYAV0RVbq,construction,linkedin.com/company/sv-groupe,grenoble,sv groupe,auvergne-rhone-alpes,1-10,
france,2004,Xok4MBq6Ck44hQjWBb0kBweHZ58h,construction,linkedin.com/company/s2m-metallerie,saint-andré-de-la-roche,s2m métallerie,provence-alpes-côte d'azur,11-50,s2m-metallerie.com
france,,1s9KPmo3sD2IXGvC67hN1AjOUKhq,construction,linkedin.com/company/sas-vannier,saint-martin-d’heuille,sas vannier,bourgogne-franche-comté,11-50,sas-vannier.fr
france,,egZp7maf4CPg4i4WQ8nIeQ5axRy5,construction,linkedin.com/company/garnier-amenagement-exterieur-et-terrassement,ambérieux-en-dombes,garnier amenagement exterieur et terrassement,auvergne-rhône-alpes,1-10,
france,,wS1neGLOIvOsny8VJJvzNw8xcoXt,construction,linkedin.com/company/entreprise-peintures-batiments-du-gard-rhodanien,bagnols-sur-cèze,entreprise peintures batiments du gard rhodanien,occitanie,1-10,
france,,VSWqSI3UanJhsDBnRKvfqwre1CTG,construction,linkedin.com/company/maragliano-lucien,champdieu,maragliano lucien,auvergne-rhône-alpes,1-10,
france,,4BSbK5UDLIFBfgDd8NKMtQP4SZIK,construction,linkedin.com/company/varnier-alu,la trinité,varnier alu,provence-alpes-côte d'azur,1-10,
france,,FWCjWlXacJRFV7sv1NWpEgrlEgxZ,construction,linkedin.com/company/interieurs-et-parquets,lambersart,interieurs et parquets,hauts-de-france,11-50,interieursetparquets.fr
france,,ivFkVaG4xVKQP75FHR7rkw26G0CD,construction,linkedin.com/company/les-facades-europeennes,châtillon,les facades europeennes,île-de-france,11-50,
france,,rrxmtLArtAGtv1E0E6Rowgid9e6h,construction,linkedin.com/company/magné-détente,saint-pierre-des-nids,magné détente,pays de la loire,1-10,magnedetente.com
france,,6OHgvPCuheAo8RcLXuMaUgOcL3uZ,construction,linkedin.com/company/kifiya-chuck,loges du chêne,kifiya chuck,bretagne,1-10,
france,,0nJEntBPRAfRe5x3ZZ3Iiw4IvJTh,construction,linkedin.com/company/sam-maconnerie,saint-étienne-de-valoux,sam maconnerie,auvergne-rhône-alpes,1-10,
france,2009,BSSnAB0y3f6Oply5sBXybQh2ixFA,construction,linkedin.com/company/entreprise-mederreg,paris,entreprise mederreg,île-de-france,11-50,mederreg.fr
france,,Rz2MIv1tR1LcXejfj1hW1g2yBzeK,construction,linkedin.com/company/benergo,crévic,benergo,grand est,1-10,benergo.fr
france,1998,6fZPBEdlmeBzydy8y2Kw5AOvbxvv,construction,linkedin.com/company/ciblez,fléville-devant-nancy,ciblez,grand est,11-50,ciblez.fr
france,,GQAnP2lYPmz3xLPIE6eFpAbAwDlN,construction,linkedin.com/company/colsoulle,vaires-sur-marne,colsoulle,île-de-france,11-50,
france,,BhkE3tKeWBCNSNAbRsm4AAcT5Lvq,construction,linkedin.com/company/manyplus,paris,manyplus,île-de-france,1-10,
france,,H6KMJzomJpkKnOJCAtdhVAFuBgp2,construction,linkedin.com/company/design-béton-imprime,nimes,design béton imprime,occitanie,1-10,designbetonimprime.com
france,2017,ZCKtjB8PIpSnYjGKenB1FAuRIkzj,construction,linkedin.com/company/bde-ci,paris,bde - conseils & ingénierie,île-de-france,1-10,bdeci.com
france,,3fGO1V5TDbKSylEdC7oDPwSfvr0d,construction,linkedin.com/company/sopeinsol,lille,sopeinsol,hauts-de-france,11-50,
france,,UyjVbuyDDwg3EypBAC4bIgVbbSwH,construction,linkedin.com/company/ent-emile-dubois,saint-quentin,ent emile dubois,hauts-de-france,1-10,
france,,oi2DtnAbtJ6gQP3AH2UlBAMhWlfE,construction,linkedin.com/company/pose-service-enseignes,ungersheim,pose service enseignes,grand est,1-10,
france,,rxBjBNMZ9DhEYgQpKBgATghwaXVm,construction,linkedin.com/company/atia-finition,marseille-en-beauvaisis,atia finition,hauts-de-france,1-10,
france,1992,o0dXIedeXHSVdnMVaCxHyQGOF0gh,construction,linkedin.com/company/btpcfa52,chaumont,btp cfa haute-marne,grand est,11-50,
france,,k7u2HOGjAWDUjGIU5chW5Ai3Bfr6,construction,linkedin.com/company/marco-et-fils,capbreton,marco et fils,nouvelle-aquitaine,1-10,
france,,voYHVV7NuB6sgWjDxSMv9w30zil9,construction,linkedin.com/company/elecso'n-light,freneuse,elecso'n light,île-de-france,1-10,
france,,jMdvA6UNBwNXQBRAi5NMCAiYbDdW,construction,linkedin.com/company/laval-mecanique,beausoleil,laval mecanique,provence-alpes-côte d'azur,1-10,
france,,trqtmCnKZqDpB3x13oY6JAZbmMWm,construction,linkedin.com/company/cheminees-charteau,le poiré-sur-vie,cheminees charteau,pays de la loire,1-10,
france,,Coqdj9U8JapyfveslCcE0wGk1kIG,construction,linkedin.com/company/francois-scarpettini,bois-de-la-pierre,francois scarpettini,occitanie,1-10,
france,2017,CBsP0nbUwiP3lAaC1V1ZXgPWkl8a,construction,linkedin.com/company/rabotagelocation,sallaumines,rabotage location,hauts-de-france,51-200,rabotage-location.fr
france,2023,aeiugPjFex0dwM9hRpy9ygYDUmUE,construction,linkedin.com/company/aomconsulting,stains,aom,île-de-france,1-10,
france,,hCXtJOrz4wyhJdsR8C7XewldvB7L,construction,linkedin.com/company/belin-maitrise-et-creation,loriol-sur-drôme,belin maitrise et creation,auvergne-rhône-alpes,11-50,
france,,BWBmCfFFnwMN2BvCvgUCEwOdu7Bq,construction,linkedin.com/company/atelier-de-menuiserie-bois-et-d'agencement,nérac,atelier de menuiserie bois et d'agencement,nouvelle-aquitaine,1-10,
france,,7dTAytNb6Sbtvn0avNDUIgoSqurs,construction,linkedin.com/company/viray-cyrille,saint-sardos,viray cyrille,occitanie,1-10,
france,,46SfRw7GrtCsC5oP1HYNAwHijWuY,construction,linkedin.com/company/chromatic-peinture,rozières-en-beauce,chromatic peinture,centre-val de loire,1-10,
france,,MYQ2GAMLAenwtDY0WASkGwJggFJm,construction,linkedin.com/company/menuiserie-jbv,meslay-du-maine,menuiserie jbv,pays de la loire,1-10,
france,,EToZIRCz49iE9lhEUTyuPQWOYZWL,construction,linkedin.com/company/christian-blanc-charpente-couverture,saint-georges-lès-baillargeaux,christian blanc charpente couverture,nouvelle-aquitaine,1-10,
france,,dwoI0X59BMDG68BP7O5UtAbZnkbr,construction,linkedin.com/company/mervan-construction,melun,mervan construction,île-de-france,1-10,
france,2021,3opaEWRBdI3PE49Kcoh4CASE4Z9H,construction,linkedin.com/company/jf-paysage-68,ammertzwiller,jf paysage 68,grand est,1-10,
france,,ObxkUtPsYBfh7uDrdRBgIgHlcf3K,construction,linkedin.com/company/2-mn-menuiserie,la crau,2 mn menuiserie,provence-alpes-côte d'azur,1-10,
france,,QIKC8STkXQEDfmLCsBQCsgu7meIZ,construction,linkedin.com/company/etancheite-erdi,strasbourg,etancheite erdi,grand est,1-10,
france,,CqxEG1xIRQ2z0Mo9BCEG7AyKCfZl,construction,linkedin.com/company/renan-constructions,hénin-beaumont,renan constructions,hauts-de-france,1-10,
france,1985,5QExSN0qvdqkoSZESEvwnQVm5lFD,construction,linkedin.com/company/mca-sèvre-et-maine,aigrefeuille-sur-maine,mca sèvre et maine,pays de la loire,11-50,
france,1954,qrzRz7noe3sgJRfILSq1rQa0fl7X,construction,linkedin.com/company/buesatp,villeneuve-lès-béziers,buesa,occitanie,501-1000,buesa.com
france,,skpXzA7rhODg3jm8ZcVLugxwVi8W,construction,linkedin.com/company/mohamed-abdel-fatah,nogent-sur-marne,mohamed abdel fatah,île-de-france,1-10,
france,,uBlP8uulTN2yUqInvogIkgfYYTPF,construction,linkedin.com/company/societe-d'equipements-tuyauteries-s.e.t.,haubourdin,societe d'equipements tuyauteries s.e.t.,hauts-de-france,1-10,
france,,v5NxK6NVnAyd04vxygSi2AItJPnP,construction,linkedin.com/company/o2su,fontaine-le-port,o2su,île-de-france,1-10,o2su.fr
france,,NmaDIIWYZKj56KA1MbGsEAHe2TBA,construction,linkedin.com/company/lac-anthony,le cannet,lac anthony,provence-alpes-côte d'azur,1-10,
france,,LdduBTVBEu3duqB5sSIOMA5nk829,construction,linkedin.com/company/mehk,épinay-sur-seine,mehk,île-de-france,1-10,
france,,jtQDlBLUjpLe62RAqCQqbA3RHPyf,construction,linkedin.com/company/plihon-le-mauff-p2c,dol-de-bretagne,plihon le mauff p2c,bretagne,1-10,
france,,XCBjVQ0rCCjdgfe8ByX9owNthQvG,construction,linkedin.com/company/metallerie-giroud,vonnas,metallerie giroud,auvergne-rhône-alpes,1-10,
france,,U7Vy2oHP4TxCUWmN6vDVPAa9CHHM,construction,linkedin.com/company/design-sanitaire-thermique,pierrefitte-sur-seine,design sanitaire thermique,île-de-france,1-10,
france,,YrkkauSYCShyCSr3WsOBHgaTyKSg,construction,linkedin.com/company/kazic-goran,griesheim-près-molsheim,kazic goran,grand est,1-10,
